{
    "models": {
        "Pressure_1_Pressure_2": {
            "coef": [
                0.5672659596236652
            ],
            "intercept": 48.719357995755985
        },
        "Pressure_1_Pressure_3": {
            "coef": [
                0.2451073060003679
            ],
            "intercept": 89.5587680099668
        },
        "Pressure_1_Pressure_4": {
            "coef": [
                0.21051970030799688
            ],
            "intercept": 95.19318685338558
        },
        "Pressure_1_Pressure_5": {
            "coef": [
                0.2522926493671077
            ],
            "intercept": 87.99455342994594
        },
        "Pressure_1_Pressure_6": {
            "coef": [
                0.21566290229324553
            ],
            "intercept": 94.31117082395888
        },
        "Pressure_1_Pressure_7": {
            "coef": [
                0.20525122327787784
            ],
            "intercept": 97.6286401405444
        },
        "Pressure_1_Pressure_8": {
            "coef": [
                0.14539140588012134
            ],
            "intercept": 99.41206624997561
        },
        "Pressure_1_Pressure_9": {
            "coef": [
                0.10835839672351956
            ],
            "intercept": 99.0801126422305
        },
        "Pressure_1_Pressure_10": {
            "coef": [
                -0.0
            ],
            "intercept": 0.0
        },
        "Pressure_1_Pressure_11": {
            "coef": [
                0.24299241577665087
            ],
            "intercept": 24.827300078776005
        },
        "Pressure_2_Pressure_3": {
            "coef": [
                0.5606749869350895
            ],
            "intercept": 53.22740993117114
        },
        "Pressure_2_Pressure_4": {
            "coef": [
                0.4989511523257289
            ],
            "intercept": 61.921653910237815
        },
        "Pressure_2_Pressure_5": {
            "coef": [
                0.5419780246362605
            ],
            "intercept": 54.77305209628186
        },
        "Pressure_2_Pressure_6": {
            "coef": [
                0.4995107364488819
            ],
            "intercept": 61.60881976697508
        },
        "Pressure_2_Pressure_7": {
            "coef": [
                0.48406043937374593
            ],
            "intercept": 65.4754243868141
        },
        "Pressure_2_Pressure_8": {
            "coef": [
                0.37169457471782646
            ],
            "intercept": 73.21298169424122
        },
        "Pressure_2_Pressure_9": {
            "coef": [
                0.3166849800823532
            ],
            "intercept": 74.84075185309666
        },
        "Pressure_2_Pressure_10": {
            "coef": [
                -0.0
            ],
            "intercept": 0.0
        },
        "Pressure_2_Pressure_11": {
            "coef": [
                0.5582267581319842
            ],
            "intercept": -11.474523907868814
        },
        "Pressure_3_Pressure_4": {
            "coef": [
                0.9169433142099346
            ],
            "intercept": 11.31413005494396
        },
        "Pressure_3_Pressure_5": {
            "coef": [
                0.8695826230897814
            ],
            "intercept": 14.954775248304728
        },
        "Pressure_3_Pressure_6": {
            "coef": [
                0.8886439109498543
            ],
            "intercept": 14.459559837349516
        },
        "Pressure_3_Pressure_7": {
            "coef": [
                0.878382642266413
            ],
            "intercept": 17.720033715553214
        },
        "Pressure_3_Pressure_8": {
            "coef": [
                0.7091841907468789
            ],
            "intercept": 32.38398126421781
        },
        "Pressure_3_Pressure_9": {
            "coef": [
                0.6719924904814579
            ],
            "intercept": 31.93244196693037
        },
        "Pressure_3_Pressure_10": {
            "coef": [
                0.0
            ],
            "intercept": 0.0
        },
        "Pressure_3_Pressure_11": {
            "coef": [
                1.0009811913723472
            ],
            "intercept": -65.11045806013861
        },
        "Pressure_4_Pressure_5": {
            "coef": [
                0.952602078814714
            ],
            "intercept": 3.709546615554416
        },
        "Pressure_4_Pressure_6": {
            "coef": [
                0.9736699171655543
            ],
            "intercept": 2.945197604558359
        },
        "Pressure_4_Pressure_7": {
            "coef": [
                0.9645441501228853
            ],
            "intercept": 6.081985050218336
        },
        "Pressure_4_Pressure_8": {
            "coef": [
                0.8077598441658226
            ],
            "intercept": 19.47121445050425
        },
        "Pressure_4_Pressure_9": {
            "coef": [
                0.7753517860294553
            ],
            "intercept": 18.490401356122206
        },
        "Pressure_4_Pressure_10": {
            "coef": [
                0.0
            ],
            "intercept": 0.0
        },
        "Pressure_4_Pressure_11": {
            "coef": [
                1.077141455601602
            ],
            "intercept": -75.70290816042919
        },
        "Pressure_5_Pressure_6": {
            "coef": [
                0.9906248932730025
            ],
            "intercept": 2.906632532352617
        },
        "Pressure_5_Pressure_7": {
            "coef": [
                0.9778557373889276
            ],
            "intercept": 6.459050483761743
        },
        "Pressure_5_Pressure_8": {
            "coef": [
                0.8366422346551743
            ],
            "intercept": 17.673438718874806
        },
        "Pressure_5_Pressure_9": {
            "coef": [
                0.7920331653832838
            ],
            "intercept": 18.08073141164192
        },
        "Pressure_5_Pressure_10": {
            "coef": [
                0.0
            ],
            "intercept": 0.0
        },
        "Pressure_5_Pressure_11": {
            "coef": [
                1.074679124034564
            ],
            "intercept": -73.21674525770183
        },
        "Pressure_6_Pressure_7": {
            "coef": [
                0.9901526987929661
            ],
            "intercept": 3.2218206565406007
        },
        "Pressure_6_Pressure_8": {
            "coef": [
                0.8410596430382642
            ],
            "intercept": 15.642046891884306
        },
        "Pressure_6_Pressure_9": {
            "coef": [
                0.8067234329712648
            ],
            "intercept": 14.886491639841068
        },
        "Pressure_6_Pressure_10": {
            "coef": [
                0.0
            ],
            "intercept": 0.0
        },
        "Pressure_6_Pressure_11": {
            "coef": [
                1.094965617858446
            ],
            "intercept": -77.59368800294035
        },
        "Pressure_7_Pressure_8": {
            "coef": [
                0.8534766849354279
            ],
            "intercept": 12.406909172087296
        },
        "Pressure_7_Pressure_9": {
            "coef": [
                0.8216332686544411
            ],
            "intercept": 11.414472365871134
        },
        "Pressure_7_Pressure_10": {
            "coef": [
                0.0
            ],
            "intercept": 0.0
        },
        "Pressure_7_Pressure_11": {
            "coef": [
                1.1032845220027012
            ],
            "intercept": -80.8403569645665
        },
        "Pressure_8_Pressure_9": {
            "coef": [
                0.9860442019918223
            ],
            "intercept": -3.2709185964857426
        },
        "Pressure_8_Pressure_10": {
            "coef": [
                0.0
            ],